# date	k	block_start	block_end	stage	params	count	commit	host
2026-10-01	15	0	1000000	sieve	plimit=1e9	157063	ac55dfd	Ollis-Mac-mini-M2-Pro-5
2026-10-01	8	0	1000000	sieve	plimit=1e7	258933	ac55dfd	Ollis-Mac-mini-M2-Pro-5
2026-10-01	8	0	1000000	prp	bases=3,5,7	2188	ac55dfd	Ollis-Mac-mini-M2-Pro-5
2026-10-01	4	0	1000000	sieve	plimit=1e7	128092	9a20105	Ollis-Mac-mini-M2-Pro-5
2026-10-01	4	0	1000000	prp	bases=3,5,7	17846	9a20105	Ollis-Mac-mini-M2-Pro-5
2026-10-01	4	0	1000000	proof	method=aprcl	17846	9a20105	Ollis-Mac-mini-M2-Pro-5
2026-10-01	4	1000000	2000000	sieve	plimit=1e7	127884	d88e1c8	Ollis-Mac-mini-M2-Pro-5
2026-10-01	4	1000000	2000000	prp	bases=3,5,7	16007	d88e1c8	Ollis-Mac-mini-M2-Pro-5
2026-10-01	4	1000000	2000000	proof	method=aprcl	16007	d88e1c8	Ollis-Mac-mini-M2-Pro-5
2026-10-01	4	2000000	3000000	sieve	plimit=1e7	127725	d88e1c8	Ollis-Mac-mini-M2-Pro-5
2026-10-01	4	2000000	3000000	prp	bases=3,5,7	15659	d88e1c8	Ollis-Mac-mini-M2-Pro-5
2026-10-01	4	2000000	3000000	proof	method=aprcl	15659	d88e1c8	Ollis-Mac-mini-M2-Pro-5
2026-10-01	4	3000000	4000000	sieve	plimit=1e7	127835	d88e1c8	Ollis-Mac-mini-M2-Pro-5
2026-10-01	4	3000000	4000000	prp	bases=3,5,7	15238	d88e1c8	Ollis-Mac-mini-M2-Pro-5
2026-10-01	4	3000000	4000000	proof	method=aprcl	15238	d88e1c8	Ollis-Mac-mini-M2-Pro-5
2026-10-01	4	4000000	5000000	sieve	plimit=1e7	127978	d88e1c8	Ollis-Mac-mini-M2-Pro-5
2026-10-01	4	4000000	5000000	prp	bases=3,5,7	14974	d88e1c8	Ollis-Mac-mini-M2-Pro-5
2026-10-01	4	4000000	5000000	proof	method=aprcl	14974	d88e1c8	Ollis-Mac-mini-M2-Pro-5
2026-10-01	4	5000000	6000000	sieve	plimit=1e7	127987	d88e1c8	Ollis-Mac-mini-M2-Pro-5
2026-10-01	4	5000000	6000000	prp	bases=3,5,7	14860	d88e1c8	Ollis-Mac-mini-M2-Pro-5
2026-10-01	4	5000000	6000000	proof	method=aprcl	14860	d88e1c8	Ollis-Mac-mini-M2-Pro-5
2026-10-01	4	6000000	7000000	sieve	plimit=1e7	127597	d88e1c8	Ollis-Mac-mini-M2-Pro-5
2026-10-01	4	6000000	7000000	prp	bases=3,5,7	14631	d88e1c8	Ollis-Mac-mini-M2-Pro-5
2026-10-01	4	6000000	7000000	proof	method=aprcl	14631	d88e1c8	Ollis-Mac-mini-M2-Pro-5
2026-10-01	4	7000000	8000000	sieve	plimit=1e7	127710	d88e1c8	Ollis-Mac-mini-M2-Pro-5
2026-10-01	4	7000000	8000000	prp	bases=3,5,7	14658	d88e1c8	Ollis-Mac-mini-M2-Pro-5
2026-10-01	4	7000000	8000000	proof	method=aprcl	14658	d88e1c8	Ollis-Mac-mini-M2-Pro-5
2026-10-01	4	8000000	9000000	sieve	plimit=1e7	127741	d88e1c8	Ollis-Mac-mini-M2-Pro-5
2026-10-01	4	8000000	9000000	prp	bases=3,5,7	14313	d88e1c8	Ollis-Mac-mini-M2-Pro-5
2026-10-01	4	8000000	9000000	proof	method=aprcl	14313	d88e1c8	Ollis-Mac-mini-M2-Pro-5
2026-10-01	4	9000000	10000000	sieve	plimit=1e7	127976	d88e1c8	Ollis-Mac-mini-M2-Pro-5
2026-10-01	4	9000000	10000000	prp	bases=3,5,7	14401	d88e1c8	Ollis-Mac-mini-M2-Pro-5
2026-10-01	4	9000000	10000000	proof	method=aprcl	14401	d88e1c8	Ollis-Mac-mini-M2-Pro-5
2026-10-01	4	10000000	11000000	sieve	plimit=1e7	127891	d88e1c8	Ollis-Mac-mini-M2-Pro-5
2026-10-01	4	10000000	11000000	prp	bases=3,5,7	14395	d88e1c8	Ollis-Mac-mini-M2-Pro-5
2026-10-01	4	10000000	11000000	proof	method=aprcl	14395	d88e1c8	Ollis-Mac-mini-M2-Pro-5
2026-10-01	4	11000000	12000000	sieve	plimit=1e7	127928	d88e1c8	Ollis-Mac-mini-M2-Pro-5
2026-10-01	4	11000000	12000000	prp	bases=3,5,7	14013	d88e1c8	Ollis-Mac-mini-M2-Pro-5
2026-10-01	4	11000000	12000000	proof	method=aprcl	14013	d88e1c8	Ollis-Mac-mini-M2-Pro-5
2026-10-01	4	12000000	13000000	sieve	plimit=1e7	127781	d88e1c8	Ollis-Mac-mini-M2-Pro-5
2026-10-01	4	12000000	13000000	prp	bases=3,5,7	14208	d88e1c8	Ollis-Mac-mini-M2-Pro-5
2026-10-01	4	12000000	13000000	proof	method=aprcl	14208	d88e1c8	Ollis-Mac-mini-M2-Pro-5
2026-10-01	4	13000000	14000000	sieve	plimit=1e7	127866	d88e1c8	Ollis-Mac-mini-M2-Pro-5
2026-10-01	4	13000000	14000000	prp	bases=3,5,7	14171	d88e1c8	Ollis-Mac-mini-M2-Pro-5
2026-10-01	4	13000000	14000000	proof	method=aprcl	14171	d88e1c8	Ollis-Mac-mini-M2-Pro-5
2026-10-01	4	14000000	15000000	sieve	plimit=1e7	127878	d88e1c8	Ollis-Mac-mini-M2-Pro-5
2026-10-01	4	14000000	15000000	prp	bases=3,5,7	13905	d88e1c8	Ollis-Mac-mini-M2-Pro-5
2026-10-01	4	14000000	15000000	proof	method=aprcl	13905	d88e1c8	Ollis-Mac-mini-M2-Pro-5
2026-10-01	4	15000000	16000000	sieve	plimit=1e7	127820	c4f6827	Ollis-Mac-mini-M2-Pro-5
2026-10-01	4	15000000	16000000	prp	bases=3,5,7	14094	c4f6827	Ollis-Mac-mini-M2-Pro-5
2026-10-01	4	15000000	16000000	proof	method=aprcl	14094	c4f6827	Ollis-Mac-mini-M2-Pro-5
2026-10-01	4	16000000	17000000	sieve	plimit=1e7	127947	c4f6827	Ollis-Mac-mini-M2-Pro-5
2026-10-01	4	16000000	17000000	prp	bases=3,5,7	13761	c4f6827	Ollis-Mac-mini-M2-Pro-5
2026-10-01	4	16000000	17000000	proof	method=aprcl	13761	c4f6827	Ollis-Mac-mini-M2-Pro-5
2026-10-01	4	17000000	18000000	sieve	plimit=1e7	127996	c4f6827	Ollis-Mac-mini-M2-Pro-5
2026-10-01	4	17000000	18000000	prp	bases=3,5,7	13599	c4f6827	Ollis-Mac-mini-M2-Pro-5
2026-10-01	4	17000000	18000000	proof	method=aprcl	13599	c4f6827	Ollis-Mac-mini-M2-Pro-5
2026-10-01	4	18000000	19000000	sieve	plimit=1e7	127888	c4f6827	Ollis-Mac-mini-M2-Pro-5
2026-10-01	4	18000000	19000000	prp	bases=3,5,7	13832	c4f6827	Ollis-Mac-mini-M2-Pro-5
2026-10-01	4	18000000	19000000	proof	method=aprcl	13832	c4f6827	Ollis-Mac-mini-M2-Pro-5
2026-10-01	4	19000000	20000000	sieve	plimit=1e7	127685	c4f6827	Ollis-Mac-mini-M2-Pro-5
2026-10-01	4	19000000	20000000	prp	bases=3,5,7	13830	c4f6827	Ollis-Mac-mini-M2-Pro-5
2026-10-01	4	19000000	20000000	proof	method=aprcl	13830	c4f6827	Ollis-Mac-mini-M2-Pro-5
2026-10-01	4	20000000	21000000	sieve	plimit=1e7	128249	c4f6827	Ollis-Mac-mini-M2-Pro-5
2026-10-01	4	20000000	21000000	prp	bases=3,5,7	13512	c4f6827	Ollis-Mac-mini-M2-Pro-5
2026-10-01	4	20000000	21000000	proof	method=aprcl	13512	c4f6827	Ollis-Mac-mini-M2-Pro-5
