# date	k	block_start	block_end	n_primes	max_digits	method	commit	host
2026-10-01	4	0	1000000	17846	96	aprcl	9a20105	Ollis-Mac-mini-M2-Pro-5
2026-10-01	4	1000000	2000000	16007	101	aprcl	d88e1c8	Ollis-Mac-mini-M2-Pro-5
2026-10-01	4	2000000	3000000	15659	104	aprcl	d88e1c8	Ollis-Mac-mini-M2-Pro-5
2026-10-01	4	3000000	4000000	15238	106	aprcl	d88e1c8	Ollis-Mac-mini-M2-Pro-5
2026-10-01	4	4000000	5000000	14974	107	aprcl	d88e1c8	Ollis-Mac-mini-M2-Pro-5
2026-10-01	4	5000000	6000000	14860	109	aprcl	d88e1c8	Ollis-Mac-mini-M2-Pro-5
2026-10-01	4	6000000	7000000	14631	110	aprcl	d88e1c8	Ollis-Mac-mini-M2-Pro-5
2026-10-01	4	7000000	8000000	14658	111	aprcl	d88e1c8	Ollis-Mac-mini-M2-Pro-5
2026-10-01	4	8000000	9000000	14313	111	aprcl	d88e1c8	Ollis-Mac-mini-M2-Pro-5
2026-10-01	4	9000000	10000000	14401	112	aprcl	d88e1c8	Ollis-Mac-mini-M2-Pro-5
2026-10-01	4	10000000	11000000	14395	113	aprcl	d88e1c8	Ollis-Mac-mini-M2-Pro-5
2026-10-01	4	11000000	12000000	14013	113	aprcl	d88e1c8	Ollis-Mac-mini-M2-Pro-5
2026-10-01	4	12000000	13000000	14208	114	aprcl	d88e1c8	Ollis-Mac-mini-M2-Pro-5
2026-10-01	4	13000000	14000000	14171	115	aprcl	d88e1c8	Ollis-Mac-mini-M2-Pro-5
2026-10-01	4	14000000	15000000	13905	115	aprcl	d88e1c8	Ollis-Mac-mini-M2-Pro-5
2026-10-01	4	15000000	16000000	14094	115	aprcl	c4f6827	Ollis-Mac-mini-M2-Pro-5
2026-10-01	4	16000000	17000000	13761	116	aprcl	c4f6827	Ollis-Mac-mini-M2-Pro-5
2026-10-01	4	17000000	18000000	13599	116	aprcl	c4f6827	Ollis-Mac-mini-M2-Pro-5
2026-10-01	4	18000000	19000000	13832	117	aprcl	c4f6827	Ollis-Mac-mini-M2-Pro-5
2026-10-01	4	19000000	20000000	13830	117	aprcl	c4f6827	Ollis-Mac-mini-M2-Pro-5
2026-10-01	4	20000000	21000000	13512	117	aprcl	c4f6827	Ollis-Mac-mini-M2-Pro-5
2026-10-01	5	0	1000000	8792	192	aprcl	4c6f005	Ollis-Mac-mini-M2-Pro-5
2026-10-01	5	1000000	2000000	7959	202	aprcl	4c6f005	Ollis-Mac-mini-M2-Pro-5
2026-10-01	5	2000000	3000000	7613	207	aprcl	4c6f005	Ollis-Mac-mini-M2-Pro-5
2026-10-01	5	3000000	4000000	7653	211	aprcl	4c6f005	Ollis-Mac-mini-M2-Pro-5
2026-10-01	5	4000000	5000000	7276	215	aprcl	4c6f005	Ollis-Mac-mini-M2-Pro-5
2026-10-01	5	5000000	6000000	7148	217	aprcl	4c6f005	Ollis-Mac-mini-M2-Pro-5
2026-10-01	5	6000000	7000000	7351	219	aprcl	4c6f005	Ollis-Mac-mini-M2-Pro-5
2026-10-01	5	7000000	8000000	7157	221	aprcl	4c6f005	Ollis-Mac-mini-M2-Pro-5
2026-10-01	5	8000000	9000000	6977	223	aprcl	4c6f005	Ollis-Mac-mini-M2-Pro-5
2026-10-01	5	9000000	10000000	7038	224	aprcl	4c6f005	Ollis-Mac-mini-M2-Pro-5
2026-10-01	5	10000000	11000000	7020	226	aprcl	4c6f005	Ollis-Mac-mini-M2-Pro-5
2026-10-01	5	11000000	12000000	7045	227	aprcl	4c6f005	Ollis-Mac-mini-M2-Pro-5
2026-10-01	5	12000000	13000000	6863	228	aprcl	4c6f005	Ollis-Mac-mini-M2-Pro-5
2026-10-01	5	13000000	14000000	6792	229	aprcl	4c6f005	Ollis-Mac-mini-M2-Pro-5
2026-10-01	5	14000000	15000000	7101	230	aprcl	4c6f005	Ollis-Mac-mini-M2-Pro-5
2026-10-01	5	15000000	16000000	6843	231	aprcl	4c6f005	Ollis-Mac-mini-M2-Pro-5
2026-10-01	5	16000000	17000000	6845	232	aprcl	4c6f005	Ollis-Mac-mini-M2-Pro-5
2026-10-01	6	0	20000	155	275	aprcl	a498ae0	Ollis-Mac-mini-M2-Pro-5
2026-10-01	7	0	5000	15	469	aprcl	a498ae0	Ollis-Mac-mini-M2-Pro-5
2026-10-01	8	0	1000	4	746	aprcl	a498ae0	Ollis-Mac-mini-M2-Pro-5
2026-10-01	9	0	200	0	0	aprcl	a498ae0	Ollis-Mac-mini-M2-Pro-5
2026-10-01	9	200	400	0	0	aprcl	1180ebc	Ollis-Mac-mini-M2-Pro-5
2026-10-01	9	400	600	1	1388	aprcl	1180ebc	Ollis-Mac-mini-M2-Pro-5
2026-10-01	9	600	800	0	0	aprcl	1180ebc	Ollis-Mac-mini-M2-Pro-5
2026-10-01	9	800	1000	0	0	aprcl	1180ebc	Ollis-Mac-mini-M2-Pro-5
2026-10-01	9	1000	1200	0	0	aprcl	1180ebc	Ollis-Mac-mini-M2-Pro-5
2026-10-01	9	1200	1400	0	0	aprcl	1180ebc	Ollis-Mac-mini-M2-Pro-5
2026-10-01	9	1400	1600	0	0	aprcl	1180ebc	Ollis-Mac-mini-M2-Pro-5
2026-10-01	9	1600	1800	0	0	aprcl	1180ebc	Ollis-Mac-mini-M2-Pro-5
2026-10-01	9	1800	2000	1	1681	aprcl	1180ebc	Ollis-Mac-mini-M2-Pro-5
2026-10-01	9	2000	2200	0	0	aprcl	1180ebc	Ollis-Mac-mini-M2-Pro-5
2026-10-01	9	2200	2400	1	1730	aprcl	1180ebc	Ollis-Mac-mini-M2-Pro-5
2026-10-01	9	2400	2600	0	0	aprcl	1180ebc	Ollis-Mac-mini-M2-Pro-5
2026-10-01	9	2600	2800	0	0	aprcl	1180ebc	Ollis-Mac-mini-M2-Pro-5
2026-10-01	9	2800	3000	0	0	aprcl	1180ebc	Ollis-Mac-mini-M2-Pro-5
